"Nom","Prenom","Password","Email","Telephone"
"test","test","","","test"
"Martin","Marie","martin456","mmartin@example.com","2345678901"
"Dubois","Anne","dubois012","adubois@example.com","4567890123"
"Lefevre","Paul","lefevre789","plefevre@example.com","345678901"
"d","dd","d","d","d"
"Dupont","Jean","dupont123","jdupont@example.com","1234567890"
"admin","Admin","","admin",""
"Moreau","Pierre","moreau345","pmoreau@example.com","5678901234"
